<?xml version="1.0" encoding="utf-8"?>
<resources>
    <color name="black">#000000</color>
    <color name="purple_500">#6200EE</color>
    <color name="purple_700">#3700B3</color>
    <color name="teal_200">#03DAC5</color>
    <color name="teal_700">#018786</color>
    <color name="white">#FFFFFF</color>
    <string name="app_name">version2</string>
    <string name="btn_summarize">요약 보기</string>
    <string name="filter_30_days">30일</string>
    <string name="filter_3_days">3일</string>
    <string name="filter_7_days">7일</string>
    <string name="orientation_conservative">보수</string>
    <string name="orientation_neutral">중립</string>
    <string name="orientation_progressive">진보</string>
    <string name="search_hint">검색</string>
    <string name="toggle_hide">닫기</string>
    <string name="toggle_show_all">>>></string>
    <string name="unknown_party">무소속</string>
    <style name="Theme.Version2" parent="Theme.MaterialComponents.DayNight.NoActionBar">
        
        <item name="colorPrimary">@color/purple_500</item>
        <item name="colorOnPrimary">@color/white</item>
        <item name="colorPrimaryContainer">@color/purple_700</item>
        <item name="colorOnPrimaryContainer">@color/white</item>
        <item name="colorSecondary">@color/teal_200</item>
        <item name="colorOnSecondary">@color/black</item>
        <item name="colorSecondaryContainer">@color/teal_700</item>
        <item name="colorOnSecondaryContainer">@color/white</item>
    </style>
</resources>